{
  "СК-42": {
    "dx": 23.56,
    "dy": -140.86,
    "dz": -79.77,
    "wx": -0.001738,
    "wy": -0.346441,
    "wz": -0.794263,
    "m": -0.2274
  },
  "СК-95": {
    "dx": 24.46,
    "dy": -130.80,
    "dz": -81.53,
    "wx": -0.001738,
    "wy": 0.003559,
    "wz": -0.134263,
    "m": -0.2274
  },
  "ПЗ-90": {
    "dx": -1.443,
    "dy": 0.142,
    "dz": 0.230,
    "wx": -0.001738,
    "wy": 0.003559,
    "wz": -0.134263,
    "m": -0.2274
  },
  "ПЗ-90.02": {
    "dx": -0.373,
    "dy": 0.172,
    "dz": 0.210,
    "wx": -0.001738,
    "wy": 0.003559,
    "wz": -0.004263,
    "m": -0.0074
  },
  "ПЗ-90.11": {
    "dx": 0,
    "dy": -0.014,
    "dz": 0.008,
    "wx": 0.000562,
    "wy": 0.000019,
    "wz": -0.000053,
    "m": 0.0006
  },
  "WGS-84": {
    "dx": -0.013,
    "dy": 0.092,
    "dz": 0.030,
    "wx": -0.001738,
    "wy": 0.003559,
    "wz": -0.004263,
    "m": -0.0074
  },
  "ITRF-2008": {
    "dx": 0.003,
    "dy": -0.013,
    "dz": 0.008,
    "wx": 0.000543,
    "wy": 0.000061,
    "wz": -0.000055,
    "m": 0.0006
  },
  "ГСК-2011": {
    "dx": 0,
    "dy": 0,
    "dz": 0,
    "wx": 0,
    "wy": 0,
    "wz": 0,
    "m": 0
  }
}